{
    "base_model": {
        "rouge1": 0.12065771374500164,
        "rouge2": 0.011238537082402932,
        "rougeL": 0.072531391996873,
        "rougeLsum": 0.08699884462113894
    },
    "finetuned_model": {
        "rouge1": 0.1709358750333077,
        "rouge2": 0.02582152190169722,
        "rougeL": 0.09649851004753572,
        "rougeLsum": 0.09694806049708618
    },
    "finetuned_rag_model": {
        "rouge1": 0.13107720994609906,
        "rouge2": 0.0098781225302555,
        "rougeL": 0.06045900146549843,
        "rougeLsum": 0.0844834853568478
    }
}