{
    "base_model": {
        "rouge1": 0.12703981604819697,
        "rouge2": 0.009897883978565227,
        "rougeL": 0.06930010173268228,
        "rougeLsum": 0.08543435591792478
    },
    "finetuned_model": {
        "rouge1": 0.2194399149114675,
        "rouge2": 0.028628457370972343,
        "rougeL": 0.11571604109964764,
        "rougeLsum": 0.11571604109964766
    },
    "finetuned_rag_model": {
        "rouge1": 0.13882420928470457,
        "rouge2": 0.009692010775602108,
        "rougeL": 0.06518822942428093,
        "rougeLsum": 0.0848406658055876
    }
}