{
    "base_model": {
        "rouge1": 0.10578613907180684,
        "rouge2": 0.007445608380338436,
        "rougeL": 0.07074260210681671,
        "rougeLsum": 0.07820199659934628
    },
    "finetuned_model": {
        "rouge1": 0.15047690217267334,
        "rouge2": 0.018640753057529404,
        "rougeL": 0.10440441659379983,
        "rougeLsum": 0.1045326920820325
    }
}